ID,NAME,EMAIL,PHONE
1,Elijah Gross,dictum.magna.Ut@et.co.uk,1-223-229-1802
2,Ori Y. Atkins,arcu.Vestibulum.ante@Morbineque.co.uk,1-803-744-3619
3,Tashya S. Clayton,enim@semelit.ca,1-669-589-0823
4,Callum H. Franks,magna@nisl.ca,1-382-247-6520
5,Angela Vaughan,orci.quis.lectus@egetdictum.co.uk,1-213-949-9659
6,Xantha Yang,mi.Aliquam.gravida@tellus.org,1-323-853-2418
7,Jenette Henry,quis@uteratSed.org,1-936-163-8017
8,Upton U. Farmer,lorem@felispurusac.org,1-169-529-6656
9,Charles O. Gentry,sit.amet@penatibus.co.uk,1-357-951-7637
10,Keely C. Everett,diam.dictum@ligulaAliquam.com,1-405-207-2818
